{
    "0.17163913029401456": [
        0.029455258323303424
    ],
    "0.027407531562891663": [
        0.01175631001249311
    ],
    "0.26768664332501935": [
        -0.03681416124254566
    ],
    "0.9958109365918251": [
        0.9970312050136936
    ],
    "1.2022246116681998": [
        0.07863843813466098
    ]
}
