{
    "0.6839231436577702": [
        0.059050383604918544
    ],
    "0.0010697724168409195": [
        -0.002322134423544675
    ],
    "0.01791088544984909": [
        0.009502995961343519
    ],
    "0.9952267854068158": [
        0.9961205615511484
    ],
    "0.03228134480048972": [
        0.012759373722872835
    ]
}
