{
    "0.013864618335933443": [
        0.008360677488439272
    ],
    "0.29821245289384635": [
        0.03886645644359632
    ],
    "0.9950997781720563": [
        0.9941161987870721
    ],
    "0.002603134892840586": [
        -0.003622392361724902
    ],
    "0.9951754672377486": [
        0.9939139155184329
    ],
    "0.8253106715586238": [
        -0.06494543776389294
    ],
    "0.049404570512656676": [
        0.015786961568790225
    ]
}
