{
    "0.0002697930387078884": [
        0.0011661493171009063
    ],
    "1.0151160738867357": [
        0.9848713039203918
    ],
    "0.9158599212948744": [
        0.06846828815432904
    ],
    "0.07517703966181344": [
        0.019478259269165132
    ],
    "0.3138783109869365": [
        0.039879478404840185
    ]
}
