{
    "0.9953499010933715": [
        0.9935546299496713
    ],
    "1.1831625240683685": [
        1.02578295975074
    ],
    "1.0036300314112179": [
        1.0015703883690183
    ],
    "1.0165389725493768": [
        1.0053889883790461
    ],
    "1.0246463962063466": [
        1.007192480082562
    ]
}
