{
    "0.1672268950119875": [
        0.029073133378683114
    ],
    "0.14848842440899368": [
        0.027391609766271863
    ],
    "1.0534703386735806": [
        1.0121349341156878
    ],
    "0.552078405659115": [
        -0.05299516362202539
    ],
    "1.0012494807955736": [
        1.0005901882552215
    ]
}
