{"dim": 3, "nb_iterations": 1, "gen_max": 100, "CR": 0.9, "F": 1.5, "fonction": "sphere", "NP": 100}
 {"0.00018719814563841628": [0.00015105259742260665, -0.012794192051413189, -0.0048460270844046804]}
 
{"F": 1.5, "dim": 3, "NP": 100, "fonction": "sphere", "nb_iterations": 1, "CR": 0.9, "gen_max": 100}
 {"0.18545521917189128": [-0.0024601284469392137, -0.3921786991910058, 0.17789051363343256]}
 
{"F": 1.5, "dim": 10, "CR": 0.9, "nb_iterations": 5, "gen_max": 1000, "NP": 100, "fonction": "sphere"}
 {"3.164028006960029": [-0.4200194023007163, -0.023720261947434512, 0.10411352702122967, -0.20353839024937126, 0.4390821012639683, 0.7398174635538957, -0.016556730250983226, -0.3283662600641264, -0.39738282607113184, 1.3887573392997536]}
 
{"F": 1.5, "dim": 10, "CR": 0.9, "nb_iterations": 5, "gen_max": 1000, "NP": 100, "fonction": "sphere"}
 {"1.0086996121645557": [0.13192478143975966, -0.08913766579357674, 0.3565054828793819, 0.08221415637823215, -0.09488599242076717, 0.7225203712330485, -0.0030887901081394498, -0.044965721201572134, 0.4504063557000819, -0.33698402565181035], "3.164028006960029": [-0.4200194023007163, -0.023720261947434512, 0.10411352702122967, -0.20353839024937126, 0.4390821012639683, 0.7398174635538957, -0.016556730250983226, -0.3283662600641264, -0.39738282607113184, 1.3887573392997536]}
 
{"F": 1.5, "dim": 10, "CR": 0.9, "nb_iterations": 5, "gen_max": 1000, "NP": 100, "fonction": "sphere"}
 {"0.7943282423554122": [-0.5160869244465578, 0.06227994604485204, -0.15198756159355176, 0.17304148684116905, 0.005841503595773401, -0.09176777928697122, -0.4391116664746735, 0.0030864631074372095, -0.4996696949901869, 0.1417967827005001], "1.0086996121645557": [0.13192478143975966, -0.08913766579357674, 0.3565054828793819, 0.08221415637823215, -0.09488599242076717, 0.7225203712330485, -0.0030887901081394498, -0.044965721201572134, 0.4504063557000819, -0.33698402565181035], "3.164028006960029": [-0.4200194023007163, -0.023720261947434512, 0.10411352702122967, -0.20353839024937126, 0.4390821012639683, 0.7398174635538957, -0.016556730250983226, -0.3283662600641264, -0.39738282607113184, 1.3887573392997536]}
 
{"F": 1.5, "dim": 10, "CR": 0.9, "nb_iterations": 5, "gen_max": 1000, "NP": 100, "fonction": "sphere"}
 {"0.7943282423554122": [-0.5160869244465578, 0.06227994604485204, -0.15198756159355176, 0.17304148684116905, 0.005841503595773401, -0.09176777928697122, -0.4391116664746735, 0.0030864631074372095, -0.4996696949901869, 0.1417967827005001], "1.0086996121645557": [0.13192478143975966, -0.08913766579357674, 0.3565054828793819, 0.08221415637823215, -0.09488599242076717, 0.7225203712330485, -0.0030887901081394498, -0.044965721201572134, 0.4504063557000819, -0.33698402565181035], "3.164028006960029": [-0.4200194023007163, -0.023720261947434512, 0.10411352702122967, -0.20353839024937126, 0.4390821012639683, 0.7398174635538957, -0.016556730250983226, -0.3283662600641264, -0.39738282607113184, 1.3887573392997536], "1.078512231827879": [-0.06055048657131579, 0.06544116399956013, 0.07293213078478822, -0.046472906046499673, -0.03582236937690719, 0.016354990858654245, 0.6059621081451175, 0.0013516285829605554, 0.733901859854637, 0.3946263125814897]}
 
{"F": 1.5, "dim": 10, "CR": 0.9, "nb_iterations": 5, "gen_max": 1000, "NP": 100, "fonction": "sphere"}
 {"0.7943282423554122": [-0.5160869244465578, 0.06227994604485204, -0.15198756159355176, 0.17304148684116905, 0.005841503595773401, -0.09176777928697122, -0.4391116664746735, 0.0030864631074372095, -0.4996696949901869, 0.1417967827005001], "1.0086996121645557": [0.13192478143975966, -0.08913766579357674, 0.3565054828793819, 0.08221415637823215, -0.09488599242076717, 0.7225203712330485, -0.0030887901081394498, -0.044965721201572134, 0.4504063557000819, -0.33698402565181035], "3.164028006960029": [-0.4200194023007163, -0.023720261947434512, 0.10411352702122967, -0.20353839024937126, 0.4390821012639683, 0.7398174635538957, -0.016556730250983226, -0.3283662600641264, -0.39738282607113184, 1.3887573392997536], "1.1957813584037602": [0.46894657431149, -0.000563367937004364, -0.0006644699368873325, -0.6653049907733477, -0.13900234473195883, -0.15673269699540704, 0.1437102059088755, 0.5439788521044876, -0.0015967426596675896, 0.41567297799926783], "1.078512231827879": [-0.06055048657131579, 0.06544116399956013, 0.07293213078478822, -0.046472906046499673, -0.03582236937690719, 0.016354990858654245, 0.6059621081451175, 0.0013516285829605554, 0.733901859854637, 0.3946263125814897]}
 
