{
    "0.0006090209309583167": [
        0.02467834943747893
    ],
    "2.7588494114333234e-05": [
        -0.00525247504652171
    ],
    "0.0004690886712906223": [
        -0.021658454960837403
    ],
    "0.0012748090327296116": [
        -0.03570446796592286
    ],
    "3.709528369858981e-08": [
        0.00019260135954501933
    ]
}
