{
    "10.093498687088507": [
        1.0908578610071453,
        0.1923543792872917,
        0.9910063073780586,
        -0.11804528812708792,
        -0.40441730459360437,
        -0.6153401613307201,
        -0.23507972576132996,
        0.9520587619693619,
        -0.050000655572351116,
        0.24700906922220267,
        0.5270774505515281,
        -0.9913264856161237,
        0.5109901783582798,
        -0.6872962986545312,
        1.1215499889569154,
        -0.4076462227775033,
        1.2212173127016088,
        0.7414849247906314,
        0.7280984766572831,
        -0.5601212371222539
    ],
    "4.366256421738028": [
        0.12060756044420029,
        -0.11456262744540324,
        0.16455266451150052,
        -0.05902102064154979,
        0.48779471741380576,
        0.119966217596573,
        -0.6482607332392578,
        0.8079035327912902,
        0.25329717085422265,
        -0.643692403072488,
        0.7621758204509188,
        0.21166207837197715,
        -0.8021691393681731,
        0.15556803647769124,
        -0.044080961957939646,
        -0.26226176755225206,
        -0.32861742861158194,
        0.8699730703013027,
        0.4047823023883059,
        -0.3338178319174465
    ],
    "6.308502279913654": [
        0.15474119865883562,
        0.11404440020905282,
        0.11373657849412311,
        0.23735614304990715,
        -0.9318202983341877,
        0.04321164320096793,
        1.150291664343659,
        -1.0462794038297434,
        -0.2785271518875765,
        0.046559965512399826,
        1.3935146280858668,
        0.17917845226987383,
        -0.18546388225578703,
        0.32308891942351803,
        0.10295488819643062,
        -0.3092507888859579,
        -0.30351088397552606,
        0.19634117136890783,
        -0.6443559694584229,
        -0.2638825876137989
    ],
    "6.6845762924369625": [
        0.7345609954507681,
        0.2636806193539909,
        0.21991989593636485,
        -0.04438404221930492,
        0.27817220012939825,
        -0.8576221444635079,
        -0.7947838900425044,
        -0.012366559190881699,
        0.7339596301380906,
        0.2713915619983478,
        -0.7850994145127694,
        0.14055014674593425,
        -0.19880408069054933,
        1.2375582237370868,
        0.22853909050022958,
        -0.09248202869551192,
        0.4480018102688459,
        0.19207303484270177,
        0.6319801689660633,
        1.0310508054561285
    ],
    "13.539411288446253": [
        -1.2217466403205444,
        1.1727057765906803,
        1.094674126101244,
        1.0648845239923417,
        -0.1709043001117636,
        0.3507296113544971,
        1.5420689600086563,
        -0.2689652799748079,
        0.32483151326723725,
        0.12513190582981482,
        1.3595906038560401,
        1.5643561165602486,
        0.4596830178486915,
        0.5279009652945366,
        -0.06415315168602143,
        -0.24658378343636778,
        0.7405954384399187,
        0.2919597576122921,
        -0.3402277791004482,
        -0.12419440405550142
    ]
}
