{
    "0.9388462668016253": [
        -0.05267530984102764,
        0.03908629849334311,
        0.25857815951626406,
        0.07793469062775182,
        0.0009251824660990449,
        -0.45841729879659954,
        0.4705031731825926,
        0.05750290687626958,
        0.29051814387178243,
        0.5851320117985537
    ],
    "1.9027795413086777": [
        -0.06275024848569233,
        0.7275599251731821,
        0.09859322629645173,
        -0.582908634014857,
        0.2745087098519038,
        -0.9016335837173066,
        0.3387042659272484,
        0.12893079571109867,
        -0.01880161161858311,
        -0.00014667687593395567
    ],
    "4.67478176893576": [
        0.5224112805373202,
        0.12652265961304798,
        -0.09114484618895546,
        1.0089760617571262,
        0.2119264162237896,
        1.6861901210019714,
        -0.5058173814083257,
        -0.4478350320956782,
        -0.10977477659242457,
        0.05396565927419744
    ],
    "0.7577067859118749": [
        0.6323549684792168,
        -0.5103692482329674,
        0.0021023970784695978,
        -0.0009826279080240733,
        0.20246967269978766,
        0.003926146263945239,
        0.23377895403610766,
        0.007224853140768039,
        -0.040467469162417474,
        -0.0001663651997642953
    ]
}
