{
    "0.02676462268517034": [
        0.16359896908345828
    ],
    "0.000515605569690381": [
        0.022706949810363808
    ],
    "0.0009872052425914841": [
        -0.03141982244684849
    ],
    "0.008421122401427847": [
        0.09176667369708813
    ],
    "7.880034613140512e-05": [
        -0.008876955904554507
    ]
}
