{
    "0.11772335259537278": [
        0.34310836858837
    ],
    "0.06117143682523044": [
        -0.24732860090420283
    ],
    "0.0040472251048622185": [
        -0.06361780493589997
    ],
    "1.7568695358253984e-06": [
        0.0013254695529605343
    ],
    "5.1882205512584404e-05": [
        -0.007202930342061098
    ],
    "0.00011917980523381023": [
        0.010916950363256683
    ],
    "0.0008370645404219446": [
        0.028932067683142604
    ],
    "0.028294386660482732": [
        -0.1682093536652547
    ],
    "0.005592192063517386": [
        -0.0747809605682983
    ],
    "0.00017885821959568156": [
        0.013373788528150188
    ],
    "0.004380146607456689": [
        0.06618267603728856
    ],
    "0.0015249763296147974": [
        -0.039050945310130425
    ],
    "6.422001347823503e-05": [
        -0.00801373904480518
    ],
    "0.00877285230304644": [
        -0.09366350571618831
    ],
    "0.0006397703816194655": [
        0.025293682642499205
    ],
    "9.740113643466626e-05": [
        0.00986920140815184
    ],
    "0.0026651124979557963": [
        0.05162472758238823
    ],
    "3.790234329670746e-05": [
        0.00615648790275003
    ],
    "0.0016263240269199222": [
        -0.04032770793040341
    ],
    "0.002166020562157473": [
        0.04654052601934655
    ]
}
