{
    "5.978237473222291e-05": [
        0.007731906280615597
    ],
    "0.0010259297406477717": [
        -0.03203013800544374
    ],
    "7.697059381158728e-06": [
        0.0027743574717686847
    ],
    "0.00863457076077158": [
        -0.09292239106249678
    ],
    "5.0289909281224993e-05": [
        0.007091537864329922
    ]
}
