{
    "3.840427123509201": [
        -1.0659712621833146,
        0.5900315285426434,
        -0.028815794209262946,
        -0.0777447044847851,
        0.8501184237064467,
        0.7248052675202685,
        0.08824003613287068,
        -0.3932367075136548,
        -0.8716846750632015,
        -0.42287232465555813
    ],
    "1.1704780287116379": [
        0.09411718455772086,
        0.4139902178184806,
        0.007415218967566528,
        -0.03973970024776685,
        0.010497179483836966,
        0.03768365781924321,
        -0.7211811617338872,
        0.058286841207272344,
        0.6803971155294697,
        0.02505488021752894
    ],
    "0.44057362108964976": [
        -0.20624508651259932,
        0.2182549998824619,
        -0.01923193599161724,
        -2.6095301124607073e-08,
        -0.2076746778849179,
        0.011730709283467061,
        0.538863157533792,
        -7.585672138857751e-09,
        0.12615753978317046,
        0.02181431358196112
    ],
    "3.5391684649519237": [
        -0.018453815247340022,
        -0.36761619563755943,
        0.4456254472443698,
        0.002120559889902073,
        1.099893859388089,
        -0.04045242296929824,
        0.004224264353473894,
        1.2723944561691807,
        -0.4355598450572342,
        0.43009178413953664
    ],
    "4.1932710074188595": [
        0.6681849901761829,
        -0.034735654152324255,
        1.7096876244476,
        -0.016630220007227678,
        -0.006112142798816171,
        0.8867142592304159,
        0.18745499826363643,
        -0.00024187568213860505,
        0.0002688823821400581,
        -0.029084020668007096
    ],
    "3.120608593336527": [
        1.182313926193663,
        -0.12282114741737482,
        0.10833133140107032,
        0.7654108561598759,
        0.42809784966880404,
        0.4455028096140975,
        -0.24440197414157405,
        0.03938205563084907,
        0.46660865845579985,
        0.6703136946539052
    ],
    "0.9839542707665185": [
        0.6296425534431234,
        -0.0965842681957948,
        0.049224759771594295,
        0.00020108418020569133,
        -0.0012329823426179831,
        0.6399170687844224,
        0.09475239731349694,
        0.08133480144827632,
        -0.004612454025496593,
        0.3881273898673978
    ],
    "1.267969096721865": [
        0.2675916743546562,
        -0.28211326554770455,
        -0.4343957971462332,
        -0.015619595406143827,
        -0.022452849329683333,
        0.3076226800379941,
        -0.6764351554568566,
        0.5420453312696625,
        -0.00018568763583895476,
        -0.28516430126354586
    ],
    "0.30801062095916487": [
        -0.07812058556527965,
        -0.0047929479401814246,
        0.2656854107221367,
        0.003427405316982747,
        -0.16597793473517808,
        -0.08978752087333142,
        -0.3956950659898757,
        -0.019333988954479103,
        -0.16427323843488062,
        0.10835026153778754
    ],
    "0.7548467919321297": [
        0.29918196298604527,
        -0.11621928075641952,
        0.05669351442378978,
        0.08901614586255888,
        0.00363878678326518,
        -0.7501081740861304,
        -0.17272877038318235,
        0.06299840028371509,
        0.019616081373344363,
        -0.20935057709387883
    ]
}
