{
    "0.9502883256003654": [
        0.9748273311722263
    ],
    "1.0041303680621294": [
        1.0020630559311772
    ],
    "1.0196380333919968": [
        1.0097712777614527
    ],
    "1.016665514651226": [
        1.0082983262166143
    ],
    "1.0289655312651065": [
        1.0143793823146774
    ]
}
