{
    "1.4031571860981156e-05": [
        -0.003745873978256764
    ],
    "4.845223882755877e-07": [
        0.000696076424163028
    ],
    "7.356874886362253e-05": [
        0.008577222677744967
    ],
    "0.00143179865857022": [
        0.037839115457027006
    ],
    "1.5930730691584687e-05": [
        0.003991331944549925
    ],
    "8.65096224524512e-05": [
        0.009301054910731965
    ],
    "1.5727514959364508e-05": [
        0.003965793105970672
    ],
    "0.014584057675136307": [
        0.12076447190766126
    ],
    "0.004414898084617748": [
        -0.06644469944711728
    ],
    "0.0010244836006215517": [
        -0.03200755536778077
    ]
}
