{
    "0.0001971907483207978": [
        0.014042462331115502
    ],
    "0.0003987309844649546": [
        0.01996824940912334
    ],
    "0.0019304233987688284": [
        -0.043936583831345244
    ],
    "0.11849267263603101": [
        -0.3442276465306513
    ],
    "9.580974139448767e-11": [
        9.788245062036793e-06
    ]
}
