{
    "0.14631265098652593": [
        -0.021123087374767646,
        0.16966559292515515,
        0.34176731076944167,
        0.007863950568991918,
        0.014605352255653958
    ],
    "0.4725381499610491": [
        -0.41409412894450304,
        0.5132804466669754,
        -0.02872698217606695,
        -0.019229521596197507,
        0.19082025940221836
    ],
    "0.3907531289985266": [
        -0.24266080653098188,
        0.2391876384041165,
        0.00012428712806267228,
        0.5093255513460719,
        0.12347308575414795
    ],
    "0.8590866860538344": [
        0.6155892142885784,
        0.08544627070380795,
        0.10985314611958752,
        0.6257674962198734,
        0.26302636196882645
    ],
    "1.0902001289380325": [
        -0.10233060638146929,
        -0.4799341102545567,
        -0.39652913731438044,
        0.3120269173416146,
        0.7712299733962644
    ]
}
