{
    "0.020804155717457775": [
        -0.14423645765706317
    ],
    "0.0017008438702428722": [
        -0.041241288416377975
    ],
    "0.001766408197259982": [
        -0.04202865923700139
    ],
    "6.535036370400851e-06": [
        -0.0025563717199188485
    ],
    "0.0002281238464840035": [
        -0.01510376928067969
    ]
}
