{
    "0.8084572340677212": [
        0.23817576969057974,
        -0.33887924941745373,
        0.008390429227156937,
        -0.14870724343942265,
        0.005671178736390697,
        0.018799026319328616,
        0.3572429891655742,
        -0.6849871652423134,
        -0.1111990057181591,
        0.07159185131102386
    ],
    "1.170819564792437": [
        -0.03160254014438468,
        0.0014029540909152871,
        0.13369056447109295,
        -0.030804940196900166,
        0.011237080006993416,
        0.02060036593137915,
        0.012812748552220588,
        -0.3490246390464944,
        1.009537297152314,
        0.09642716436438636
    ],
    "2.8429175721789237": [
        -0.1331124673628683,
        -0.05274770324315159,
        0.349449486193682,
        9.419414127582317e-06,
        0.006236541525555417,
        -0.0030267269247496453,
        0.03085830478365203,
        -0.023197129498504408,
        1.4310753495662523,
        0.8067132861608677
    ],
    "3.026898321530319": [
        0.271149819786382,
        -0.1156682105911434,
        0.32589694751385556,
        0.8901447906488116,
        -0.32445587997347314,
        0.3516274663711847,
        1.3445717427135802,
        -0.03256848962451786,
        0.05906947723307521,
        -0.009686020022912328
    ],
    "5.7200199722284495": [
        1.216082434656215,
        0.4509183289464185,
        -0.12326850821547508,
        1.2877817971243146,
        1.1722231600909576,
        0.8256219333610677,
        0.21377559768938456,
        -0.03310272217099297,
        0.0006034773267925564,
        0.5115703161627618
    ],
    "0.5072155935858751": [
        -0.0320175742286859,
        -0.009854574782986125,
        0.011938994123581709,
        -0.05913920622909452,
        -0.43437568164913437,
        -0.20096290137862927,
        0.043206074510168585,
        -0.3583796332990561,
        -0.19070792301589623,
        -0.32666926961422926
    ],
    "1.7447172219367757": [
        0.5494224881553051,
        -0.9965047756222295,
        0.06404839344270041,
        -0.21978667094709142,
        0.11267284021780549,
        0.512600844476847,
        0.33629643796233455,
        -0.08346084550859878,
        -0.010317249583105148,
        0.04242356585972806
    ],
    "2.2221199116330714": [
        -0.13097836659057416,
        -0.19784240364206218,
        0.7432925304258746,
        0.1725151359950029,
        -0.6281431952698574,
        0.26552352772986676,
        -0.8466928449466433,
        0.575112741442779,
        -0.244324166422074,
        0.10570406620250528
    ],
    "0.2012589822349975": [
        0.04268971917111375,
        -0.1211657075234458,
        0.1737551844546651,
        0.1844548049238991,
        -0.10202768073828017,
        -0.17277615654069356,
        -0.14256949606682195,
        -0.09402053602990756,
        0.1604663259331709,
        0.15926201737905799
    ],
    "0.4003480703180699": [
        -0.4417042887498175,
        -0.10207405674445932,
        0.003255375948494732,
        0.09788976531833647,
        -0.03579350375636148,
        -0.02552948799500515,
        -0.4079116464232525,
        0.12214489027940845,
        -0.0389364989176621,
        0.021748765612454535
    ],
    "1.1365098513688705": [
        0.2946318019756661,
        0.017604017420951634,
        0.18786102751327527,
        -0.0009832854483690368,
        0.2862211690159331,
        0.011508238617779998,
        -0.07239486593688671,
        0.8694481552429214,
        -0.41106973734793817,
        -0.043415219841616726
    ],
    "0.5581146471462726": [
        0.14418662930689988,
        -0.01865283341733781,
        0.3668181501845218,
        -0.23290496431324126,
        0.038492608537532225,
        0.3575803330395382,
        0.23071530957491693,
        -0.30923909657337384,
        -0.2193111064156983,
        -0.14790384500279585
    ],
    "5.432684472028985": [
        0.8555421736355259,
        -0.20260666058985022,
        0.325166256170053,
        0.07812903452686748,
        1.2786412004032461,
        0.810087384664561,
        0.23450346260826627,
        -0.9315806979514996,
        1.0181176572744652,
        0.5452361296451541
    ],
    "2.2104895337035178": [
        0.13281705659333026,
        0.052577117444638555,
        -0.2622007891602456,
        0.7571642450539617,
        0.07774478824361837,
        -0.38768132324714477,
        -0.03910586467663135,
        1.1516085232795499,
        -0.23102417485585874,
        0.10292313964542021
    ],
    "2.174439734411821": [
        0.0011855603728370967,
        1.009918027873364,
        0.532425513686523,
        0.7978432817758183,
        0.0011529434040699824,
        -0.19553776630169117,
        0.06245379650778404,
        -0.12475968067053067,
        0.42044175525745553,
        6.651065085561819e-05
    ],
    "2.021912198403651": [
        0.04389612687001199,
        -0.07771528470606397,
        -0.3075834841983063,
        0.00017556317419078853,
        0.6111269618717373,
        -0.12603567730136578,
        0.25085657914900206,
        -1.5396980334424736e-05,
        0.8712058955501063,
        0.8414559649431796
    ],
    "1.567211059056448": [
        0.016348296845249577,
        0.12563063723412582,
        0.32571981243989767,
        -0.061558031659197376,
        0.012369078093725505,
        0.9425573931160698,
        -0.702857432511351,
        -0.004272906969981019,
        -0.2365122824838315,
        -0.05239872527489686
    ],
    "6.947551767544472": [
        0.1581349521711462,
        1.379549230463472,
        0.8479392533896215,
        0.1783185211234568,
        0.5870377914154109,
        0.024904587415718667,
        -0.7477426959415882,
        0.3725570501936921,
        1.7959236163089836,
        0.009869910625252415
    ],
    "2.332175783313075": [
        0.01890563797886459,
        -0.02581851526965817,
        -1.1263603462454745,
        0.3830918564165726,
        -0.15215122332531683,
        -0.12485684398981922,
        -0.7194047017727816,
        -0.1436430022000531,
        0.5378109740161017,
        -0.22259482777362705
    ],
    "0.7727765513138356": [
        0.6972594431056891,
        -0.005519613426962944,
        -0.0019768799596877606,
        -0.42066659128301553,
        0.12726967191518312,
        -0.13069414489084663,
        0.2703170510273544,
        -0.04759166105544255,
        -0.0005576555914516973,
        -0.03155869054997255
    ],
    "0.71331248216787": [
        0.0018258690560992693,
        -0.1021762314479337,
        0.22961834223719846,
        -3.6000792178433536e-05,
        0.013794790069893148,
        -0.004769569906046378,
        0.06152446641730924,
        -0.6024044868053747,
        0.0037289473618742075,
        0.5322041017688344
    ],
    "0.27318135652253406": [
        0.22233719777650446,
        -0.053951536700226566,
        0.06602795928160793,
        0.05080188022572646,
        -0.13383048652753704,
        0.3824834905669355,
        0.08946761858290952,
        0.15214102101824195,
        -0.10740014655753155,
        0.08370113524518868
    ]
}
